idlogs,data,hora,dados_recebidos
+--------+---------------------+-----------------+
idlogs,data_hora,dados_recebidos
+--------+---------------------+-----------------+
1,2023-10-18,16:36:39,61
2,2023-10-18,16:40:22,5121
3,2023-10-18,16:40:51,61
4,2023-10-18,16:40:53,21
5,2023-10-18,16:43:11,511131
6,2023-10-18,16:43:53,61
7,2023-10-18,16:46:03,4111
8,2023-10-18,16:54:15,61
9,2023-10-18,16:54:51,11111121
10,2023-10-18,17:15:41,11111121
11,2023-10-18,17:28:09,61
12,2023-10-18,17:42:10,61
13,2023-10-18,18:41:03,61
14,2023-10-18,19:35:26,21
15,2023-10-18,20:43:39,61
16,2023-10-18,23:54:51,61
17,2023-10-19,01:15:41,11111121
18,2023-10-19,01:54:34,3111
19,2023-10-19,05:51:17,21
20,2023-10-19,07:10:41,21
21,2023-10-19,07:40:46,111121
22,2023-10-19,08:15:09,61
23,2023-10-19,08:19:24,11111121
24,2023-10-19,08:22:52,111121
25,2023-10-19,08:23:09,11111121
26,2023-10-19,09:06:43,111121
27,2023-10-19,09:08:02,11111121
28,2023-10-19,09:13:10,3111
29,2023-10-19,09:44:40,61
30,2023-10-19,09:44:45,21
31,2023-10-19,09:45:20,3121
32,2023-10-19,09:53:55,11111121
33,2023-10-19,09:56:14,111121
34,2023-10-19,10:40:06,21
35,2023-10-19,10:53:04,21
36,2023-10-19,10:53:35,61
37,2023-10-19,11:00:33,61
38,2023-10-19,11:10:05,1121
39,2023-10-19,11:10:47,11111121
40,2023-10-19,11:15:22,21
41,2023-10-19,11:18:28,111121
42,2023-10-19,11:20:31,61
43,2023-10-19,11:20:45,111121
44,2023-10-19,11:21:08,61
45,2023-10-19,11:55:59,3111
46,2023-10-19,12:00:58,21
47,2023-10-19,12:09:54,111121
48,2023-10-19,12:58:25,111121
49,2023-10-19,12:58:58,61
50,2023-10-19,12:59:34,3121
51,2023-10-19,13:40:02,111121
52,2023-10-19,13:42:10,21
53,2023-10-19,13:48:50,11111121
54,2023-10-19,13:56:07,61
55,2023-10-19,14:39:05,61
56,2023-10-19,15:38:16,21
57,2023-10-19,16:25:02,11111121
58,2023-10-19,16:34:12,11111121
59,2023-10-19,17:02:57,21
60,2023-10-19,17:03:20,61
61,2023-10-19,17:43:02,3121
62,2023-10-19,19:37:06,21
63,2023-10-19,19:40:13,61
64,2023-10-19,20:04:25,61
65,2023-10-19,20:46:24,21
66,2023-10-19,21:27:42,61
67,2023-10-19,21:36:25,61
68,2023-10-19,21:42:13,11111121
69,2023-10-19,22:04:59,61
70,2023-10-19,22:05:38,11111121
71,2023-10-19,22:52:49,1121
72,2023-10-19,23:52:36,61
73,2023-10-19,23:52:53,61
74,2023-10-20,08:09:32,511121
75,2023-10-20,09:42:27,21
76,2023-10-20,09:43:37,61
77,2023-10-20,12:11:30,21
78,2023-10-20,13:14:14,11111121
79,2023-10-20,13:45:01,21
80,2023-10-20,13:53:09,61
81,2023-10-20,14:21:43,61
82,2023-10-20,14:21:50,21
83,2023-10-20,14:21:55,3151
84,2023-10-20,14:21:58,4111
85,2023-10-20,16:14:22,61
86,2023-10-20,16:18:05,111121
87,2023-10-20,16:18:56,3111
88,2023-10-20,17:08:15,61
89,2023-10-20,18:17:13,61
90,2023-10-20,21:12:04,3131
91,2023-10-21,12:37:07,61
92,2023-10-22,13:21:01,1121
93,2023-10-22,13:21:23,61
94,2023-10-22,16:42:55,111121
95,2023-10-22,16:43:10,4111
96,2023-10-22,16:43:14,61
97,2023-10-22,17:43:24,61
98,2023-10-22,21:14:11,111121
99,2023-10-23,08:37:52,61
100,2023-10-23,08:49:23,61
101,2023-10-23,08:51:09,11111121
102,2023-10-23,08:52:01,111121
103,2023-10-23,09:51:15,21
104,2023-10-23,10:15:04,11111121
105,2023-10-23,10:22:15,61
106,2023-10-23,10:58:40,61
107,2023-10-23,11:00:28,21
108,2023-10-23,11:28:09,11111121
109,2023-10-23,12:01:55,21
110,2023-10-23,12:25:45,21
111,2023-10-23,12:26:13,61
112,2023-10-23,12:26:13,3131
113,2023-10-23,13:11:14,1121
114,2023-10-23,13:11:36,61
115,2023-10-23,15:13:50,61
116,2023-10-23,19:33:08,3121
117,2023-10-23,22:16:24,111121
118,2023-10-23,22:16:50,111121
119,2023-10-23,23:56:53,21
120,2023-10-23,23:57:00,111121
121,2023-10-23,23:57:09,511141
122,2023-10-24,00:02:00,1121
123,2023-10-24,09:43:50,21
124,2023-10-24,10:41:52,61
125,2023-10-24,13:00:49,21
126,2023-10-24,13:00:55,21
127,2023-10-24,13:10:57,111121
128,2023-10-24,13:40:43,61
129,2023-10-24,15:20:06,111121
130,2023-10-24,15:26:35,21
131,2023-10-24,15:50:12,21
132,2023-10-24,16:14:57,61
133,2023-10-24,16:15:58,21
134,2023-10-24,16:38:07,61
135,2023-10-24,16:54:00,61
136,2023-10-24,19:22:42,21
137,2023-10-24,19:56:48,61
138,2023-10-24,19:57:15,11111121
139,2023-10-24,20:33:30,21
140,2023-10-24,20:39:00,21
141,2023-10-25,07:34:48,3121
142,2023-10-25,07:48:34,61
143,2023-10-25,08:06:23,111121
144,2023-10-25,08:34:35,61
145,2023-10-25,08:35:18,21
146,2023-10-25,09:19:46,3111
147,2023-10-25,10:07:20,11111121
148,2023-10-25,10:19:56,111121
149,2023-10-25,10:43:15,1121
150,2023-10-25,11:10:12,111121
151,2023-10-25,11:31:52,3171
152,2023-10-25,12:22:07,111121
153,2023-10-25,13:10:44,21
154,2023-10-25,13:38:43,3121
155,2023-10-25,13:40:09,61
156,2023-10-25,13:48:34,61
157,2023-10-25,15:33:44,61
158,2023-10-25,16:53:56,61
159,2023-10-25,16:54:17,21
160,2023-10-25,16:54:57,21
161,2023-10-25,18:05:55,61
162,2023-10-25,18:06:48,61
163,2023-10-25,18:08:48,11111121
164,2023-10-25,20:12:44,111121
165,2023-10-25,21:22:03,111121
166,2023-10-25,22:41:58,11111121
167,2023-10-25,23:21:21,21
168,2023-10-25,23:22:15,111121
169,2023-10-26,09:01:52,21
170,2023-10-26,09:05:45,21
171,2023-10-26,09:10:27,111121
172,2023-10-26,09:10:40,61
173,2023-10-26,09:23:42,11111121
174,2023-10-26,09:44:18,21
175,2023-10-26,10:30:44,61
176,2023-10-26,10:47:16,11111121
177,2023-10-26,10:57:17,61
178,2023-10-26,11:54:04,21
179,2023-10-26,11:58:04,21
180,2023-10-26,12:23:30,21
181,2023-10-26,12:46:31,111121
182,2023-10-26,13:24:49,3121
183,2023-10-26,14:13:15,21
184,2023-10-26,14:13:21,61
185,2023-10-26,14:17:20,61
186,2023-10-26,15:04:41,111121
187,2023-10-26,15:21:36,11111121
188,2023-10-26,15:32:39,61
189,2023-10-26,15:33:11,3111
190,2023-10-26,15:46:50,21
191,2023-10-26,16:24:27,61
192,2023-10-26,16:28:35,11111121
193,2023-10-26,18:14:28,61
194,2023-10-26,19:56:47,21
195,2023-10-26,21:42:34,1121
196,2023-10-27,08:49:49,21
197,2023-10-27,08:58:46,61
198,2023-10-27,09:04:28,21
199,2023-10-27,09:28:10,111121
200,2023-10-27,11:09:13,3111
201,2023-10-27,11:43:14,61
202,2023-10-27,12:42:46,61
203,2023-10-27,13:21:15,21
204,2023-10-27,13:23:14,111121
205,2023-10-27,13:44:34,21
206,2023-10-27,13:45:04,21
207,2023-10-27,14:55:27,21
208,2023-10-27,14:57:53,61
209,2023-10-27,15:00:46,61
210,2023-10-27,19:23:45,3111
211,2023-10-27,20:02:41,3111
212,2023-10-27,20:32:04,3121
213,2023-10-28,05:31:27,11111121
214,2023-10-28,09:44:15,11111121
215,2023-10-28,10:11:26,111121
216,2023-10-28,15:37:00,111121
217,2023-10-28,16:14:23,11111121
218,2023-10-28,17:17:02,11111121
219,2023-10-28,18:51:13,4111
220,2023-10-29,12:22:56,21
221,2023-10-29,12:27:18,21
222,2023-10-29,15:57:18,111121
223,2023-10-29,22:18:39,3121
224,2023-10-30,08:29:19,21
225,2023-10-30,09:00:06,21
226,2023-10-30,09:23:01,21
227,2023-10-30,09:23:48,61
228,2023-10-30,09:31:18,61
229,2023-10-30,09:52:44,1121
230,2023-10-30,09:54:27,21
231,2023-10-30,10:04:01,11111121
232,2023-10-30,10:37:41,61
233,2023-10-30,10:41:15,11111121
234,2023-10-30,11:12:07,61
235,2023-10-30,11:38:33,11111121
236,2023-10-30,11:46:36,21
237,2023-10-30,12:06:08,61
238,2023-10-30,12:16:20,21
239,2023-10-30,12:27:24,21
240,2023-10-30,12:31:13,21
241,2023-10-30,13:30:54,61
242,2023-10-30,13:54:53,21
243,2023-10-30,15:08:30,61
244,2023-10-30,15:19:39,21
245,2023-10-30,15:36:58,21
246,2023-10-30,16:02:02,21
247,2023-10-30,16:55:39,21
248,2023-10-30,16:55:52,21
249,2023-10-30,16:56:09,21
250,2023-10-30,17:56:04,61
251,2023-10-30,21:03:37,61
252,2023-10-30,21:09:06,1121
253,2023-10-31,08:35:54,11111121
254,2023-10-31,09:32:01,21
255,2023-10-31,10:24:25,3121
256,2023-10-31,11:16:10,3121
257,2023-10-31,12:02:08,21
258,2023-10-31,12:20:52,21
259,2023-10-31,12:21:17,1121
260,2023-10-31,12:49:08,61
261,2023-10-31,12:50:01,61
262,2023-10-31,13:44:22,61
263,2023-10-31,16:00:28,21
264,2023-10-31,16:13:14,11111121
265,2023-10-31,16:33:23,3151
266,2023-10-31,17:11:43,11111121
267,2023-10-31,20:16:17,3111
268,2023-10-31,22:24:35,61
269,2023-11-01,10:00:48,11111121
270,2023-11-01,10:20:54,11111121
271,2023-11-01,10:55:52,61
272,2023-11-01,11:00:33,111121
273,2023-11-01,11:54:16,61
274,2023-11-01,12:06:35,21
275,2023-11-01,13:03:19,21
276,2023-11-01,13:32:22,21
277,2023-11-01,13:40:20,11111121
278,2023-11-01,13:40:52,61
279,2023-11-01,13:48:47,3111
280,2023-11-01,14:59:14,21
281,2023-11-01,16:22:31,11111121
282,2023-11-01,17:04:55,61
283,2023-11-01,17:05:13,21
284,2023-11-01,20:39:46,111121
285,2023-11-01,20:40:04,11111121
286,2023-11-02,00:34:15,61
287,2023-11-02,00:34:55,111121
288,2023-11-02,18:56:29,61
289,2023-11-03,04:05:04,3121
290,2023-11-03,06:47:39,21
291,2023-11-03,07:48:22,11111121
292,2023-11-03,07:48:47,61
293,2023-11-03,08:00:44,21
294,2023-11-03,08:24:00,21
295,2023-11-03,08:48:36,61
296,2023-11-03,09:03:46,61
297,2023-11-03,10:00:35,61
298,2023-11-03,10:20:21,61
299,2023-11-03,10:39:15,61
300,2023-11-03,10:45:09,3121
301,2023-11-03,10:53:22,11111121
302,2023-11-03,10:57:06,61
303,2023-11-03,12:12:12,61
304,2023-11-03,14:02:15,21
305,2023-11-03,14:26:56,61
306,2023-11-03,14:28:42,11111121
307,2023-11-03,14:50:27,21
308,2023-11-03,14:53:43,61
309,2023-11-03,14:58:59,21
310,2023-11-03,15:00:57,21
311,2023-11-03,16:26:53,111121
312,2023-11-03,16:28:53,21
313,2023-11-03,16:54:23,3111
314,2023-11-03,19:02:50,61
315,2023-11-03,20:14:53,61
316,2023-11-04,09:56:48,61
317,2023-11-04,09:57:02,21
318,2023-11-04,10:16:42,3111
319,2023-11-04,14:54:33,61
320,2023-11-04,14:56:33,3151
321,2023-11-04,17:41:59,3181
322,2023-11-04,18:28:07,111121
323,2023-11-04,18:28:50,3141
324,2023-11-04,20:29:15,11111121
325,2023-11-05,00:54:01,111121
326,2023-11-05,11:21:59,21
327,2023-11-05,11:24:13,61
328,2023-11-05,14:54:34,61
329,2023-11-05,15:37:23,111121
330,2023-11-05,16:40:14,61
331,2023-11-05,18:47:31,21
332,2023-11-06,08:22:24,11111121
333,2023-11-06,09:11:30,61
334,2023-11-06,09:16:29,61
335,2023-11-06,09:42:10,61
336,2023-11-06,09:56:18,21
337,2023-11-06,10:10:21,111121
338,2023-11-06,10:18:50,3181
339,2023-11-06,10:38:04,11111121
340,2023-11-06,10:47:45,61
341,2023-11-06,10:53:01,61
342,2023-11-06,11:03:04,111121
343,2023-11-06,11:24:16,21
344,2023-11-06,12:15:06,61
345,2023-11-06,12:16:37,21
346,2023-11-06,12:39:53,3121
347,2023-11-06,12:40:43,1121
348,2023-11-06,12:46:38,21
349,2023-11-06,14:57:38,21
350,2023-11-06,14:58:25,61
351,2023-11-06,15:35:59,61
352,2023-11-06,15:39:28,61
353,2023-11-06,15:40:28,21
354,2023-11-06,15:40:44,3121
355,2023-11-06,16:07:49,21
356,2023-11-06,16:20:40,11111121
357,2023-11-06,17:31:52,111121
358,2023-11-06,20:15:18,111121
359,2023-11-06,21:01:08,111121
360,2023-11-06,21:35:47,21
361,2023-11-07,09:10:33,21
362,2023-11-07,09:22:48,61
363,2023-11-07,10:05:32,21
364,2023-11-07,10:28:16,11111121
365,2023-11-07,10:32:57,21
366,2023-11-07,10:40:12,61
367,2023-11-07,11:54:40,61
368,2023-11-07,12:20:15,111121
369,2023-11-07,14:00:37,3121
370,2023-11-07,14:46:14,21
371,2023-11-07,15:19:23,3141
372,2023-11-07,15:33:11,1121
373,2023-11-07,15:48:59,21
374,2023-11-07,15:53:37,21
375,2023-11-07,15:53:51,21
376,2023-11-07,15:54:10,111121
377,2023-11-07,15:55:26,21
378,2023-11-07,16:41:56,11111121
379,2023-11-07,20:41:07,21
380,2023-11-07,20:54:12,21
381,2023-11-07,22:02:02,3111
382,2023-11-07,22:19:31,3131
383,2023-11-07,22:20:20,1121
384,2023-11-08,07:20:07,3111
385,2023-11-08,09:10:20,11111121
386,2023-11-08,09:36:04,21
387,2023-11-08,09:36:45,61
388,2023-11-08,10:08:19,3111
389,2023-11-08,10:08:48,21
390,2023-11-08,10:47:16,21
391,2023-11-08,10:48:50,21
392,2023-11-08,10:49:59,3141
393,2023-11-08,11:01:07,21
394,2023-11-08,11:43:54,21
395,2023-11-08,12:02:18,61
396,2023-11-08,12:07:06,21
397,2023-11-08,12:42:29,61
398,2023-11-08,13:03:39,11111121
399,2023-11-08,13:49:24,21
400,2023-11-08,13:52:37,61
401,2023-11-08,13:53:29,11111121
402,2023-11-08,13:56:56,61
403,2023-11-08,14:48:40,61
404,2023-11-08,14:57:18,11111121
405,2023-11-08,15:57:21,111121
406,2023-11-08,16:43:54,21
407,2023-11-08,16:44:22,11111121
408,2023-11-08,17:24:33,61
409,2023-11-08,17:36:49,21
410,2023-11-08,17:42:04,21
411,2023-11-08,18:29:38,21
412,2023-11-08,18:31:30,21
413,2023-11-08,18:54:04,11111121
414,2023-11-08,18:54:22,61
415,2023-11-08,20:48:25,21
416,2023-11-08,20:48:29,21
417,2023-11-08,20:55:15,1121
418,2023-11-08,20:59:56,21
419,2023-11-09,01:18:05,21
420,2023-11-09,07:49:06,21
421,2023-11-09,07:49:35,61
422,2023-11-09,08:45:49,11111121
423,2023-11-09,09:02:01,111121
424,2023-11-09,10:15:54,21
425,2023-11-09,10:16:21,11111121
426,2023-11-09,10:18:13,61
427,2023-11-09,11:31:03,61
428,2023-11-09,12:08:58,21
429,2023-11-09,12:13:05,21
430,2023-11-09,14:22:47,1121
431,2023-11-09,14:23:55,111121
432,2023-11-09,15:02:13,61
433,2023-11-09,15:14:40,111121
434,2023-11-09,15:15:40,511131
435,2023-11-09,15:15:44,11111121
436,2023-11-09,15:15:45,5121
437,2023-11-09,15:15:50,511141
438,2023-11-09,15:15:52,511121
439,2023-11-09,15:15:54,511131
440,2023-11-09,15:15:56,511111
441,2023-11-09,15:16:42,4111
442,2023-11-09,15:17:14,4111
443,2023-11-09,17:50:16,11111121
444,2023-11-09,18:26:33,11111121
445,2023-11-09,19:11:48,61
446,2023-11-09,19:59:28,21
447,2023-11-09,20:57:33,61
448,2023-11-09,20:57:59,61
449,2023-11-09,20:58:00,21
450,2023-11-09,20:58:27,1121
451,2023-11-09,22:20:40,111121
452,2023-11-10,08:07:22,61
453,2023-11-10,09:16:34,11111121
454,2023-11-10,09:25:57,3141
455,2023-11-10,11:08:28,61
456,2023-11-10,12:09:38,61
457,2023-11-10,12:40:35,21
458,2023-11-10,12:59:59,61
459,2023-11-10,13:00:17,21
460,2023-11-10,13:15:49,511131
461,2023-11-10,13:48:13,61
462,2023-11-10,13:48:35,3121
463,2023-11-10,13:49:06,11111121
464,2023-11-10,15:58:29,3141
465,2023-11-10,17:03:43,61
466,2023-11-10,17:04:10,21
467,2023-11-10,17:22:07,3121
468,2023-11-11,10:52:06,111121
469,2023-11-11,15:25:49,61
470,2023-11-11,15:26:40,111121
471,2023-11-11,15:48:04,61
472,2023-11-11,19:53:29,61
473,2023-11-11,19:53:46,3111
474,2023-11-11,20:13:11,111121
475,2023-11-11,20:51:49,111121
476,2023-11-12,08:24:45,61
477,2023-11-12,08:26:48,3111
478,2023-11-12,12:53:49,61
479,2023-11-12,13:55:37,61
480,2023-11-12,14:22:40,111121
481,2023-11-12,23:04:42,21
482,2023-11-12,23:05:17,3161
483,2023-11-13,06:28:11,111121
484,2023-11-13,07:51:21,11111121
485,2023-11-13,08:31:00,111121
486,2023-11-13,08:46:36,61
487,2023-11-13,08:46:45,21
488,2023-11-13,08:51:52,61
489,2023-11-13,10:09:27,111121
490,2023-11-13,10:13:34,21
491,2023-11-13,10:18:30,21
492,2023-11-13,10:19:37,21
493,2023-11-13,10:28:46,61
494,2023-11-13,10:29:16,3111
495,2023-11-13,10:41:15,61
496,2023-11-13,10:58:03,11111121
497,2023-11-13,11:18:55,61
498,2023-11-13,11:42:34,21
499,2023-11-13,12:54:34,61
500,2023-11-13,12:57:39,111121
501,2023-11-13,13:20:04,1121
502,2023-11-13,13:22:23,21
503,2023-11-13,13:48:59,61
504,2023-11-13,14:20:16,21
505,2023-11-13,14:50:58,511111
506,2023-11-13,14:51:17,61
507,2023-11-13,15:06:04,21
508,2023-11-13,15:09:21,61
509,2023-11-13,16:10:47,21
510,2023-11-13,17:14:15,61
511,2023-11-13,17:17:45,61
512,2023-11-13,17:19:56,61
513,2023-11-13,18:10:16,111121
514,2023-11-13,18:17:21,21
515,2023-11-13,18:18:30,61
516,2023-11-13,18:22:13,61
517,2023-11-13,18:22:45,21
518,2023-11-13,18:23:01,3121
519,2023-11-13,19:33:12,11111121
520,2023-11-13,19:43:59,11111121
521,2023-11-13,22:49:48,61
522,2023-11-13,23:35:49,111121
523,2023-11-14,08:20:56,61
524,2023-11-14,08:48:34,1121
525,2023-11-14,09:08:17,11111121
526,2023-11-14,09:29:35,21
527,2023-11-14,09:46:48,21
528,2023-11-14,10:26:01,61
529,2023-11-14,10:31:58,21
530,2023-11-14,10:52:01,21
531,2023-11-14,10:52:42,61
532,2023-11-14,11:01:10,61
533,2023-11-14,11:16:21,61
534,2023-11-14,11:37:58,21
535,2023-11-14,11:42:53,21
536,2023-11-14,11:43:33,61
537,2023-11-14,11:48:20,1121
538,2023-11-14,12:11:10,21
539,2023-11-14,12:17:42,21
540,2023-11-14,12:45:39,21
541,2023-11-14,13:20:27,21
542,2023-11-14,13:20:54,21
543,2023-11-14,13:31:56,61
544,2023-11-14,13:33:08,21
545,2023-11-14,13:35:37,11111121
546,2023-11-14,13:51:37,21
547,2023-11-14,16:42:44,111121
548,2023-11-14,17:18:09,11111121
549,2023-11-14,17:44:45,3111
550,2023-11-14,18:44:53,11111121
551,2023-11-14,19:35:34,21
552,2023-11-14,19:35:49,61
553,2023-11-15,12:21:06,111121
554,2023-11-15,12:22:53,11111121
555,2023-11-15,12:28:24,21
556,2023-11-15,15:30:06,61
557,2023-11-15,19:20:00,111121
558,2023-11-15,19:42:09,61
559,2023-11-15,21:16:16,61
560,2023-11-16,07:32:34,111121
561,2023-11-16,09:18:35,11111121
562,2023-11-16,10:27:03,61
563,2023-11-16,10:27:15,21
564,2023-11-16,10:40:09,3181
565,2023-11-16,10:57:47,111121
566,2023-11-16,11:34:07,61
567,2023-11-16,11:34:25,61
568,2023-11-16,11:45:39,21
569,2023-11-16,11:46:45,21
570,2023-11-16,12:10:27,111121
571,2023-11-16,12:12:25,61
572,2023-11-16,12:26:28,61
573,2023-11-16,12:39:11,61
574,2023-11-16,12:43:54,111121
575,2023-11-16,12:45:45,1121
576,2023-11-16,13:09:11,61
577,2023-11-16,13:11:43,61
578,2023-11-16,13:50:09,21
579,2023-11-16,15:20:54,21
580,2023-11-16,15:59:10,61
581,2023-11-16,15:59:32,3111
582,2023-11-16,16:04:12,21
583,2023-11-16,16:09:51,61
584,2023-11-16,16:30:25,21
585,2023-11-16,17:03:22,511121
586,2023-11-16,18:15:44,21
587,2023-11-16,21:29:51,111121
588,2023-11-16,21:30:42,11111121
589,2023-11-16,22:57:16,11111121
590,2023-11-16,23:33:00,21
591,2023-11-17,01:19:44,21
592,2023-11-17,02:04:17,111121
593,2023-11-17,06:38:35,21
594,2023-11-17,06:49:04,21
595,2023-11-17,08:49:49,11111121
596,2023-11-17,08:51:45,3111
597,2023-11-17,09:14:54,21
598,2023-11-17,09:22:51,61
599,2023-11-17,09:23:35,11111121
600,2023-11-17,09:56:16,11111121
601,2023-11-17,10:17:07,61
602,2023-11-17,10:43:41,3121
603,2023-11-17,11:05:32,61
604,2023-11-17,11:06:26,21
605,2023-11-17,11:06:58,61
606,2023-11-17,11:07:18,1121
607,2023-11-17,11:07:52,111121
608,2023-11-17,12:02:05,61
609,2023-11-17,12:03:42,3121
610,2023-11-17,12:03:43,3121
611,2023-11-17,12:04:07,3181
612,2023-11-17,12:04:41,3151
613,2023-11-17,12:22:09,61
614,2023-11-17,12:44:53,61
615,2023-11-17,12:46:26,11111121
616,2023-11-17,12:57:51,511131
617,2023-11-17,13:53:46,21
618,2023-11-17,13:57:01,511121
619,2023-11-17,14:06:58,61
620,2023-11-17,16:47:36,5121
621,2023-11-17,17:08:37,3141
622,2023-11-17,19:53:50,61
623,2023-11-17,19:54:20,1121
624,2023-11-17,20:56:31,21
625,2023-11-17,21:47:12,61
626,2023-11-18,09:47:38,21
627,2023-11-18,11:57:20,21
628,2023-11-18,13:18:47,61
629,2023-11-18,13:27:10,111121
630,2023-11-18,16:40:38,3111
631,2023-11-20,08:13:18,21
632,2023-11-20,08:37:09,61
633,2023-11-20,08:39:34,11111121
634,2023-11-20,08:52:47,61
635,2023-11-20,09:21:34,11111121
636,2023-11-20,10:11:25,11111121
637,2023-11-20,10:34:19,21
638,2023-11-20,10:49:36,61
639,2023-11-20,10:58:21,1121
640,2023-11-20,11:01:19,21
641,2023-11-20,11:28:13,111121
642,2023-11-20,11:40:01,11111121
643,2023-11-20,13:30:01,111121
644,2023-11-20,13:31:12,11111121
645,2023-11-20,14:24:19,111121
646,2023-11-20,14:50:29,111121
647,2023-11-20,15:34:53,111121
648,2023-11-20,16:20:19,61
649,2023-11-20,16:23:35,61
650,2023-11-20,17:12:36,111121
651,2023-11-20,18:01:14,111121
652,2023-11-20,19:02:33,111121
653,2023-11-20,19:34:59,61
654,2023-11-20,21:32:44,11111121
655,2023-11-20,21:36:53,21
656,2023-11-20,22:09:35,11111121
657,2023-11-21,01:25:48,111121
658,2023-11-21,07:00:50,111121
659,2023-11-21,07:02:00,11111121
660,2023-11-21,08:07:38,111121
661,2023-11-21,08:21:34,21
662,2023-11-21,08:50:00,61
663,2023-11-21,08:59:39,111121
664,2023-11-21,09:04:12,61
665,2023-11-21,09:21:57,61
666,2023-11-21,09:22:21,21
667,2023-11-21,09:39:24,3151
668,2023-11-21,10:18:35,61
669,2023-11-21,10:23:40,11111121
670,2023-11-21,10:31:30,21
671,2023-11-21,10:31:45,61
672,2023-11-21,11:10:25,21
673,2023-11-21,12:05:04,511121
674,2023-11-21,13:24:22,21
675,2023-11-21,13:40:52,61
676,2023-11-21,13:45:00,61
677,2023-11-21,14:30:58,3151
678,2023-11-21,14:31:13,3141
679,2023-11-21,16:17:44,21
680,2023-11-21,17:21:15,3111
681,2023-11-21,17:22:15,11111121
682,2023-11-21,20:23:13,21
683,2023-11-21,21:31:36,61
684,2023-11-21,21:31:55,11111121
685,2023-11-22,08:35:48,21
686,2023-11-22,10:03:08,21
687,2023-11-22,10:51:50,21
688,2023-11-22,11:00:38,11111121
689,2023-11-22,11:03:26,11111121
690,2023-11-22,11:13:41,61
691,2023-11-22,11:15:36,21
692,2023-11-22,13:48:15,111121
693,2023-11-22,14:37:51,1121
694,2023-11-22,15:48:15,21
695,2023-11-22,18:25:06,111121
696,2023-11-22,18:25:33,3121
697,2023-11-22,18:28:25,3111
698,2023-11-22,21:07:50,61
699,2023-11-22,21:38:58,21
700,2023-11-23,06:42:57,3121
701,2023-11-23,10:58:31,1121
702,2023-11-23,12:37:20,11111121
703,2023-11-23,12:41:52,4111
704,2023-11-23,12:46:43,21
705,2023-11-23,16:26:48,4111
706,2023-11-23,16:26:54,511131
707,2023-11-23,16:44:08,21
708,2023-11-23,17:19:09,61
709,2023-11-23,17:42:10,3121
710,2023-11-23,18:53:44,21
711,2023-11-24,05:45:36,3151
712,2023-11-24,06:39:01,61
713,2023-11-24,06:58:45,111121
714,2023-11-24,06:59:14,11111121
715,2023-11-24,09:40:50,61
716,2023-11-24,09:41:07,21
717,2023-11-24,09:59:56,61
718,2023-11-24,12:52:09,111121
719,2023-11-24,12:58:08,21
720,2023-11-24,12:59:30,111121
721,2023-11-24,14:35:49,21
722,2023-11-24,14:37:45,21
723,2023-11-24,15:17:23,61
724,2023-11-24,15:36:47,61
725,2023-11-24,16:25:03,1121
726,2023-11-24,16:25:25,111121
727,2023-11-24,16:25:55,11111121
728,2023-11-24,17:21:17,1121
729,2023-11-24,19:44:01,3111
730,2023-11-25,11:49:30,61
731,2023-11-25,12:28:19,11111121
732,2023-11-25,20:45:29,1121
733,2023-11-26,13:01:36,61
734,2023-11-26,17:38:17,11111121
735,2023-11-26,22:51:09,21
736,2023-11-26,22:51:31,21
737,2023-11-27,01:24:34,21
738,2023-11-27,01:25:38,61
739,2023-11-27,09:16:37,21
740,2023-11-27,09:32:25,61
741,2023-11-27,10:14:06,3121
742,2023-11-27,12:12:22,61
743,2023-11-27,13:13:03,3111
744,2023-11-27,13:13:22,61
745,2023-11-27,13:54:55,21
746,2023-11-27,14:04:23,111121
747,2023-11-27,14:19:51,61
748,2023-11-27,14:45:36,21
749,2023-11-27,15:02:26,61
750,2023-11-27,15:21:48,11111121
751,2023-11-27,15:26:11,21
752,2023-11-27,15:26:23,11111121
753,2023-11-27,15:48:28,21
754,2023-11-27,16:03:25,11111121
755,2023-11-27,16:04:19,3131
756,2023-11-27,16:05:54,61
757,2023-11-27,16:20:53,21
758,2023-11-27,16:21:06,61
759,2023-11-27,16:22:58,61
760,2023-11-27,16:27:33,11111121
761,2023-11-27,18:23:14,11111121
762,2023-11-27,19:24:06,61
763,2023-11-27,19:24:14,61
764,2023-11-27,19:25:04,21
765,2023-11-27,19:32:08,21
766,2023-11-27,19:43:05,21
767,2023-11-27,20:54:06,21
768,2023-11-27,21:10:27,11111121
769,2023-11-27,21:25:38,1121
770,2023-11-27,21:27:25,11111121
771,2023-11-27,22:07:03,61
772,2023-11-28,10:59:00,21
773,2023-11-28,10:59:58,61
774,2023-11-28,11:00:40,111121
775,2023-11-28,11:30:19,61
776,2023-11-28,11:41:56,21
777,2023-11-28,12:11:14,61
778,2023-11-28,12:51:52,11111121
779,2023-11-28,13:07:52,111121
780,2023-11-28,13:08:23,21
781,2023-11-28,13:28:55,11111121
782,2023-11-28,14:12:19,111121
783,2023-11-28,16:40:21,61
784,2023-11-28,16:44:01,111121
785,2023-11-28,17:01:33,21
786,2023-11-28,17:02:14,3111
787,2023-11-28,21:49:17,61
788,2023-11-29,08:25:21,61
789,2023-11-29,10:23:30,61
790,2023-11-29,10:30:42,11111121
791,2023-11-29,10:31:48,11111121
792,2023-11-29,12:00:11,21
793,2023-11-29,12:44:50,61
794,2023-11-29,12:48:36,1121
795,2023-11-29,13:26:50,61
796,2023-11-29,13:37:29,111121
797,2023-11-29,13:38:39,61
+--------+---------------------+-----------------+
